country_iso3,region,year,value_range,numeric_value,low,high,disaggregation,data_source
HTI,Americas,2005,No data,,,,WEALTHDECILE_WEALTHDECILE10,DHS
TLS,South-East Asia,2009,No data,,,,DHSMICSGEOREGION_TLSDHS200913,DHS
EGY,Eastern Mediterranean,2000,No data,,,,WEALTHDECILE_WEALTHDECILE01,DHS
ALB,Europe,2017,No data,,,,WEALTHQUINTILE_WQ5,DHS
CMR,Africa,2004,No data,,,,DHSMICSGEOREGION_CMRDHS200405,DHS
GUY,Americas,2006,60.0 [42.4-75.3],59.9991,42.42959,75.32493,RESIDENCEAREATYPE_URB,MICS
SEN,Africa,1997,No data,,,,WEALTHDECILE_WEALTHDECILE03,DHS
VNM,Western Pacific,2002,No data,,,,EDUCATIONLEVEL_SHLM,DHS
PER,Americas,2011,No data,,,,WEALTHDECILE_WEALTHDECILE10,DHS
IDN,Western Pacific,2002,No data,,,,WEALTHQUINTILE_WQ5,DHS
SLE,Africa,2005,47.8 [35.9-59.9],47.79126,35.92748,59.90958,WEALTHDECILE_WEALTHDECILE04,MICS
AFG,Eastern Mediterranean,2015,62.3 [55.5-68.6],62.2769,55.46947,68.63217,SEX_MLE,DHS
GUY,Americas,2019,No data,,,,DHSMICSGEOREGION_GUYMICS201908,MICS
KHM,Western Pacific,2000,No data,,,,WEALTHQUINTILE_WQ5,DHS
HND,Americas,2019,65.6 [56.9-73.3],65.56939,56.90909,73.30559,WEALTHQUINTILE_WQ1,MICS
GTM,Americas,1995,No data,,,,DHSMICSGEOREGION_GTMDHS199502,DHS
GNB,Africa,2018,No data,,,,WEALTHQUINTILE_WQ2,MICS
NGA,Africa,2018,74.2 [67.6-79.9],74.19508,67.55279,79.88256,RESIDENCEAREATYPE_URB,DHS
SWZ,Africa,2014,61.8 [52.1-70.6],61.7984,52.08964,70.64835,SEX_MLE,MICS
PER,Americas,2008,No data,,,,DHSMICSGEOREGION_PERDHS200801,DHS
DZA,Africa,2018,30.0 [18.1-45.4],29.98225,18.08518,45.37082,WEALTHDECILE_WEALTHDECILE06,MICS
SOM,Eastern Mediterranean,2006,No data,,,,EDUCATIONLEVEL_SHLM,MICS
SYR,Eastern Mediterranean,2006,66.7 [58.2-74.2],66.66715,58.15637,74.2144,WEALTHQUINTILE_WQ2,MICS
SLV,Americas,2014,78.4 [71.4-84.1],78.41362,71.4407,84.06382,RESIDENCEAREATYPE_RUR,MICS
NGA,Africa,2007,No data,,,,DHSMICSGEOREGION_NGAMICS200716,MICS
IRQ,Eastern Mediterranean,2018,No data,,,,AGEGROUP_YEARS20-49,MICS
BEN,Africa,2006,No data,,,,EDUCATIONLEVEL_PRLM,DHS
MDA,Europe,2005,No data,,,,WEALTHDECILE_WEALTHDECILE10,DHS
VUT,Western Pacific,2007,No data,,,,DHSMICSGEOREGION_VUTMICS200708,MICS
STP,Africa,2008,No data,,,,WEALTHQUINTILE_WQ5,DHS
EGY,Eastern Mediterranean,2014,60.4 [44.5-74.3],60.35287,44.53792,74.26406,DHSMICSGEOREGION_EGYDHS201406,DHS
MLI,Africa,2015,23.2 [15.3-33.6],23.23806,15.31012,33.64057,SEX_FMLE,MICS
MDG,Africa,2008,41.0 [34.1-48.3],41.00708,34.06883,48.3227,AGEGROUP_YEARS20-49,DHS
SWZ,Africa,2006,73.3 [62.1-82.2],73.33781,62.11525,82.18916,EDUCATIONLEVEL_SHLM,DHS
COD,Africa,2007,No data,,,,EDUCATIONLEVEL_SHLM,DHS
KHM,Western Pacific,2000,No data,,,,WEALTHDECILE_WEALTHDECILE07,DHS
PER,Americas,2020,58.8 [44.3-71.9],58.77892,44.33736,71.85234,RESIDENCEAREATYPE_RUR,DHS
NGA,Africa,2016,44.5 [25.0-65.8],44.4543,24.9572,65.8228,DHSMICSGEOREGION_NGAMICS201615,MICS
VNM,Western Pacific,2013,No data,,,,WEALTHQUINTILE_WQ2,MICS
BFA,Africa,1998,No data,,,,AGEGROUP_YEARS20-49,DHS
TTO,Americas,2006,No data,,,,WEALTHDECILE_WEALTHDECILE02,MICS
KAZ,Europe,1999,No data,,,,WEALTHDECILE_WEALTHDECILE07,DHS
CIV,Africa,2016,No data,,,,DHSMICSGEOREGION_CIVMICS201611,MICS
IDN,Western Pacific,2007,No data,,,,DHSMICSGEOREGION_IDNDHS200731,DHS
PRY,Americas,1995,No data,,,,RESIDENCEAREATYPE_URB,RHS
AFG,Eastern Mediterranean,2015,68.6 [59.3-76.6],68.58459,59.29504,76.59106,DHSMICSGEOREGION_AFGDHS201506,DHS
JOR,Eastern Mediterranean,1997,No data,,,,SEX_FMLE,DHS
NPL,South-East Asia,2016,55.6 [40.6-69.7],55.61276,40.57795,69.68541,EDUCATIONLEVEL_SHLM,DHS
BFA,Africa,1998,No data,,,,WEALTHDECILE_WEALTHDECILE03,DHS
AFG,Eastern Mediterranean,2015,No data,,,,DHSMICSGEOREGION_AFGDHS201505,DHS
BDI,Africa,2005,35.8 [29.1-43.1],35.76719,29.07062,43.06967,WEALTHQUINTILE_WQ2,MICS
AFG,Eastern Mediterranean,2015,66.1 [55.5-75.3],66.13237,55.52908,75.33066,EDUCATIONLEVEL_SHLM,DHS
KGZ,Europe,2012,No data,,,,WEALTHDECILE_WEALTHDECILE08,DHS
ZWE,Africa,2009,32.5 [16.6-53.8],32.5246,16.62007,53.82411,DHSMICSGEOREGION_ZWEMICS200907,MICS
BLZ,Americas,2011,No data,,,,WEALTHDECILE_WEALTHDECILE05,MICS
MWI,Africa,2015,73.3 [64.3-80.7],73.30044,64.34401,80.68253,WEALTHQUINTILE_WQ3,DHS
NPL,South-East Asia,2006,36.3 [23.0-52.1],36.32064,22.99692,52.13711,WEALTHQUINTILE_WQ2,DHS
COM,Africa,2012,No data,,,,WEALTHQUINTILE_WQ5,DHS
BEN,Africa,1996,No data,,,,WEALTHDECILE_WEALTHDECILE08,DHS
GUY,Americas,2019,73.6 [49.8-88.7],73.62002,49.83231,88.68871,SEX_MLE,MICS
LSO,Africa,2009,No data,,,,WEALTHDECILE_WEALTHDECILE05,DHS
SEN,Africa,2019,No data,,,,DHSMICSGEOREGION_SENDHS201904,DHS
GIN,Africa,2005,No data,,,,SEX_MLE,DHS
NPL,South-East Asia,2011,56.9 [44.0-68.9],56.8775,43.98628,68.89958,EDUCATIONLEVEL_SHLM,DHS
BTN,South-East Asia,2010,No data,,,,DHSMICSGEOREGION_BTNMICS201010,MICS
HND,Americas,2011,67.8 [58.2-76.1],67.76341,58.16495,76.06581,AGEGROUP_YEARS15-19,DHS
JAM,Americas,2005,No data,,,,WEALTHDECILE_WEALTHDECILE01,MICS
EGY,Eastern Mediterranean,2008,70.8 [63.6-77.0],70.77365,63.61804,77.03003,EDUCATIONLEVEL_NHLM,DHS
NGA,Africa,2007,No data,,,,DHSMICSGEOREGION_NGAMICS200707,MICS
NGA,Africa,2013,35.3 [21.8-51.8],35.34334,21.77279,51.77411,WEALTHDECILE_WEALTHDECILE07,DHS
CMR,Africa,2011,13.8 [7.0-25.4],13.75674,6.95525,25.3941,WEALTHDECILE_WEALTHDECILE02,DHS
ZAF,Africa,1998,No data,,,,DHSMICSGEOREGION_ZAFDHS199807,DHS
TLS,South-East Asia,2016,71.8 [55.5-83.8],71.75657,55.45919,83.82949,EDUCATIONLEVEL_SHLM,DHS
COG,Africa,2011,No data,,,,WEALTHDECILE_WEALTHDECILE05,DHS
SEN,Africa,2016,49.7 [32.2-67.2],49.70841,32.2461,67.24215,RESIDENCEAREATYPE_URB,DHS
MDA,Europe,1997,No data,,,,EDUCATIONLEVEL_PRLM,RHS
PER,Americas,2014,No data,,,,WEALTHDECILE_WEALTHDECILE10,DHS
NIC,Americas,1997,No data,,,,DHSMICSGEOREGION_NICDHS199702,DHS
NIC,Americas,1997,No data,,,,WEALTHDECILE_WEALTHDECILE09,DHS
MDG,Africa,1997,No data,,,,DHSMICSGEOREGION_MDGDHS199703,DHS
BGD,South-East Asia,2017,56.2 [41.0-70.3],56.20276,40.99554,70.32745,DHSMICSGEOREGION_BGDDHS201701,DHS
MOZ,Africa,1997,No data,,,,EDUCATIONLEVEL_PRLM,DHS
MDG,Africa,2018,39.2 [33.3-45.4],39.17107,33.30134,45.37163,SEX_MLE,MICS
GIN,Africa,2018,58.0 [30.8-81.1],58.02246,30.84271,81.07474,DHSMICSGEOREGION_GINDHS201807,DHS
SSD,Africa,2010,52.6 [46.7-58.3],52.57232,46.74892,58.32657,WEALTHQUINTILE_WQ4,MICS
NIC,Americas,1997,No data,,,,WEALTHDECILE_WEALTHDECILE05,DHS
NGA,Africa,1999,No data,,,,DHSMICSGEOREGION_NGADHS199905,DHS
GHA,Africa,2003,No data,,,,DHSMICSGEOREGION_GHADHS200307,DHS
PER,Americas,2013,65.7 [47.2-80.5],65.74586,47.17307,80.48956,WEALTHDECILE_WEALTHDECILE07,DHS
EGY,Eastern Mediterranean,2008,70.8 [62.2-78.1],70.76048,62.20924,78.05921,WEALTHQUINTILE_WQ2,DHS
PHL,Western Pacific,2003,No data,,,,DHSMICSGEOREGION_PHLDHS200306,DHS
CIV,Africa,1994,No data,,,,DHSMICSGEOREGION_CIVDHS199404,DHS
DZA,Africa,2012,73.1 [63.0-81.3],73.14743,62.97998,81.34937,WEALTHQUINTILE_WQ4,MICS
BOL,Americas,2008,No data,,,,SEX_FMLE,DHS
TZA,Africa,2015,No data,,,,DHSMICSGEOREGION_TZADHS201523,DHS
PER,Americas,2017,69.7 [56.8-80.1],69.67029,56.77766,80.06731,WEALTHDECILE_WEALTHDECILE06,DHS
NER,Africa,2012,72.5 [57.5-83.7],72.47392,57.46178,83.69174,EDUCATIONLEVEL_PRLM,DHS
ETH,Africa,2016,26.1 [20.1-33.1],26.09777,20.10206,33.14003,EDUCATIONLEVEL_NHLM,DHS
NGA,Africa,2007,23.0 [8.9-47.5],22.9554,8.91979,47.54712,WEALTHDECILE_WEALTHDECILE01,MICS
TKM,Europe,2019,No data,,,,WEALTHQUINTILE_WQ2,MICS
PER,Americas,2012,66.9 [61.0-72.3],66.87866,60.96249,72.30555,AGEGROUP_YEARS20-49,DHS
SLE,Africa,2013,64.8 [47.1-79.2],64.77527,47.05321,79.18906,WEALTHDECILE_WEALTHDECILE03,DHS
PRY,Americas,2016,97.2 [89.2-99.3],97.23136,89.17562,99.33646,WEALTHDECILE_WEALTHDECILE05,MICS
SLV,Americas,1993,No data,,,,DHSMICSGEOREGION_SLVRHS199301,RHS
PER,Americas,2016,39.2 [22.7-58.5],39.16021,22.70046,58.51951,DHSMICSGEOREGION_PERDHS201612,DHS
NAM,Africa,2006,81.2 [70.7-88.6],81.20718,70.65508,88.57825,SEX_FMLE,DHS
NER,Africa,2012,49.5 [42.6-56.4],49.45334,42.55171,56.37588,EDUCATIONLEVEL_NHLM,DHS
MOZ,Africa,1997,No data,,,,RESIDENCEAREATYPE_URB,DHS
SUR,Americas,2010,No data,,,,DHSMICSGEOREGION_SURMICS201001,MICS
PER,Americas,2018,76.4 [65.2-84.8],76.35959,65.15319,84.80274,WEALTHDECILE_WEALTHDECILE05,DHS
SLV,Americas,2014,86.3 [80.4-90.6],86.26925,80.40613,90.5834,EDUCATIONLEVEL_SHLM,MICS
PER,Americas,2013,No data,,,,WEALTHDECILE_WEALTHDECILE08,DHS
BOL,Americas,1994,No data,,,,WEALTHDECILE_WEALTHDECILE10,DHS
HND,Americas,2005,81.7 [62.4-92.3],81.65689,62.40685,92.27058,WEALTHDECILE_WEALTHDECILE10,DHS
GUY,Americas,2014,No data,,,,DHSMICSGEOREGION_GUYMICS201407,MICS
MAR,Eastern Mediterranean,2003,No data,,,,DHSMICSGEOREGION_MARDHS200307,DHS
ETH,Africa,2019,No data,,,,AGEGROUP_YEARS20-49,DHS
KHM,Western Pacific,2014,75.0 [54.7-88.2],75.00954,54.72996,88.16842,DHSMICSGEOREGION_KHMDHS201411,DHS
KHM,Western Pacific,2014,62.8 [40.8-80.5],62.76467,40.83304,80.45755,DHSMICSGEOREGION_KHMDHS201408,DHS
SEN,Africa,2019,27.9 [13.2-49.7],27.92098,13.19409,49.6784,DHSMICSGEOREGION_SENDHS201907,DHS
RWA,Africa,2005,No data,,,,WEALTHDECILE_WEALTHDECILE04,DHS
CAF,Africa,2010,19.4 [11.3-31.1],19.35258,11.30826,31.112,WEALTHDECILE_WEALTHDECILE03,MICS
ARM,Europe,2005,No data,,,,WEALTHDECILE_WEALTHDECILE02,DHS
MWI,Africa,2015,75.8 [66.1-83.4],75.8131,66.11939,83.42844,WEALTHQUINTILE_WQ4,DHS
PER,Americas,2013,66.4 [44.4-83.0],66.39587,44.35814,83.04207,DHSMICSGEOREGION_PERDHS201316,DHS
GTM,Americas,2014,51.6 [47.8-55.4],51.56834,47.75487,55.36363,RESIDENCEAREATYPE_RUR,DHS
JOR,Eastern Mediterranean,2012,70.8 [50.3-85.3],70.81408,50.26946,85.34555,WEALTHDECILE_WEALTHDECILE03,DHS
KHM,Western Pacific,2010,65.6 [42.5-83.1],65.63042,42.49575,83.14851,WEALTHDECILE_WEALTHDECILE08,DHS
KEN,Africa,1998,No data,,,,WEALTHQUINTILE_WQ1,DHS
EGY,Eastern Mediterranean,1995,No data,,,,WEALTHQUINTILE_WQ2,DHS
NIC,Americas,1992,No data,,,,DHSMICSGEOREGION_NICRHS199204,RHS
PER,Americas,2017,73.6 [61.0-83.2],73.57808,60.95388,83.24278,DHSMICSGEOREGION_PERDHS201725,DHS
NER,Africa,2012,42.4 [31.4-54.1],42.35062,31.41235,54.09378,DHSMICSGEOREGION_NERDHS201204,DHS
GUY,Americas,2014,No data,,,,WEALTHDECILE_WEALTHDECILE08,MICS
BGD,South-East Asia,2012,30.0 [19.3-43.3],29.96708,19.33101,43.31308,DHSMICSGEOREGION_BGDMICS201202,MICS
SDN,Eastern Mediterranean,2010,68.7 [58.2-77.7],68.74609,58.19077,77.65964,DHSMICSGEOREGION_SDNMICS201007,MICS
SEN,Africa,2019,49.1 [40.4-57.9],49.10164,40.40125,57.85679,AGEGROUP_YEARS20-49,DHS
TLS,South-East Asia,2009,68.5 [53.8-80.2],68.50067,53.83244,80.22085,EDUCATIONLEVEL_PRLM,DHS
EGY,Eastern Mediterranean,2005,67.0 [42.0-85.0],67.00543,42.03745,85.04452,WEALTHDECILE_WEALTHDECILE02,DHS
KEN,Africa,2014,68.6 [58.9-77.0],68.62784,58.8779,76.97028,WEALTHDECILE_WEALTHDECILE05,DHS
GHA,Africa,2006,No data,,,,WEALTHDECILE_WEALTHDECILE10,MICS
IDN,Western Pacific,2012,86.8 [78.1-92.4],86.82452,78.14652,92.39198,WEALTHQUINTILE_WQ4,DHS
HND,Americas,2011,62.4 [48.4-74.6],62.38222,48.38499,74.57798,DHSMICSGEOREGION_HNDDHS201118,DHS
IND,South-East Asia,2005,75.4 [66.2-82.7],75.39082,66.2002,82.73416,WEALTHDECILE_WEALTHDECILE09,DHS
BIH,Europe,2011,No data,,,,AGEGROUP_YEARS20-49,MICS
SOM,Eastern Mediterranean,2006,No data,,,,AGEGROUP_YEARS15-19,MICS
PHL,Western Pacific,2013,No data,,,,DHSMICSGEOREGION_PHLDHS201303,DHS
ARM,Europe,2010,No data,,,,WEALTHDECILE_WEALTHDECILE09,DHS
KEN,Africa,1998,No data,,,,WEALTHQUINTILE_WQ3,DHS
ARM,Europe,2000,No data,,,,RESIDENCEAREATYPE_URB,DHS
SEN,Africa,2012,50.3 [25.6-74.8],50.26107,25.6034,74.79241,DHSMICSGEOREGION_SENDHS201214,DHS
NER,Africa,2012,45.1 [32.3-58.6],45.13489,32.33358,58.61421,WEALTHQUINTILE_WQ3,DHS
SLE,Africa,2019,78.7 [58.4-90.6],78.65615,58.43639,90.6186,DHSMICSGEOREGION_SLEDHS201904,DHS
TCD,Africa,2004,No data,,,,DHSMICSGEOREGION_TCDDHS200407,DHS
PER,Americas,2018,74.2 [63.8-82.4],74.15296,63.75971,82.38885,WEALTHQUINTILE_WQ4,DHS
IDN,Western Pacific,1994,No data,,,,DHSMICSGEOREGION_IDNDHS199407,DHS
BLR,Europe,2005,87.4 [77.0-93.5],87.41396,76.97127,93.51993,DHSMICSGEOREGION_BLRMICS200501,MICS
DOM,Americas,2007,70.9 [50.0-85.6],70.89701,49.9967,85.58088,DHSMICSGEOREGION_DOMDHS200718,DHS
ZMB,Africa,2013,79.6 [63.8-89.6],79.55653,63.76045,89.5914,WEALTHQUINTILE_WQ5,DHS
ZMB,Africa,2013,65.6 [54.7-75.1],65.59073,54.69655,75.05971,WEALTHQUINTILE_WQ2,DHS
SRB,Europe,2014,No data,,,,EDUCATIONLEVEL_NHLM,MICS
NGA,Africa,2008,35.7 [29.8-42.1],35.7171,29.79456,42.11076,EDUCATIONLEVEL_NHLM,DHS
PHL,Western Pacific,1993,No data,,,,DHSMICSGEOREGION_PHLDHS199312,DHS
COL,Americas,2000,No data,,,,DHSMICSGEOREGION_COLDHS200002,DHS
PER,Americas,2006,64.9 [51.7-76.1],64.8547,51.70196,76.08259,EDUCATIONLEVEL_PRLM,DHS
ARM,Europe,2005,No data,,,,DHSMICSGEOREGION_ARMDHS200503,DHS
KGZ,Europe,1997,No data,,,,WEALTHQUINTILE_WQ5,DHS
NAM,Africa,2013,54.9 [38.6-70.3],54.94355,38.5848,70.29906,WEALTHDECILE_WEALTHDECILE01,DHS
TZA,Africa,2015,No data,,,,DHSMICSGEOREGION_TZADHS201521,DHS
GUY,Americas,2019,No data,,,,DHSMICSGEOREGION_GUYMICS201901,MICS
PHL,Western Pacific,2003,No data,,,,DHSMICSGEOREGION_PHLDHS200316,DHS
UKR,Europe,2012,No data,,,,WEALTHDECILE_WEALTHDECILE06,MICS
PER,Americas,2011,67.6 [62.0-72.7],67.59915,62.02943,72.71131,AGEGROUP_YEARS20-49,DHS
LCA,Americas,2012,No data,,,,SEX_MLE,MICS
PER,Americas,2014,No data,,,,DHSMICSGEOREGION_PERDHS201419,DHS
NAM,Africa,2006,69.8 [49.0-84.8],69.8162,48.99794,84.7769,DHSMICSGEOREGION_NAMDHS200601,DHS
TGO,Africa,2010,No data,,,,WEALTHDECILE_WEALTHDECILE07,MICS
TZA,Africa,2015,42.9 [18.8-71.0],42.91566,18.77671,70.97148,WEALTHDECILE_WEALTHDECILE03,DHS
ZWE,Africa,2009,43.4 [33.1-54.3],43.36124,33.06068,54.26924,DHSMICSGEOREGION_ZWEMICS200909,MICS
ARG,Americas,2011,No data,,,,AGEGROUP_YEARS20-49,MICS
GUY,Americas,2006,No data,,,,WEALTHDECILE_WEALTHDECILE02,MICS
KGZ,Europe,2018,No data,,,,EDUCATIONLEVEL_NHLM,MICS
HTI,Americas,2000,No data,,,,WEALTHDECILE_WEALTHDECILE09,DHS
BOL,Americas,2003,No data,,,,EDUCATIONLEVEL_SHLM,DHS
SWZ,Africa,2014,No data,,,,AGEGROUP_YEARS20-49,MICS
IDN,Western Pacific,2007,No data,,,,EDUCATIONLEVEL_SHLM,DHS
TGO,Africa,2017,No data,,,,WEALTHDECILE_WEALTHDECILE04,MICS
NGA,Africa,2011,53.0 [44.0-61.8],53.01014,43.9936,61.83437,RESIDENCEAREATYPE_URB,MICS
SRB,Europe,2019,No data,,,,WEALTHDECILE_WEALTHDECILE05,MICS
